{
  "pm25_gdp_corr": -0.35161222131542097,
  "pm25_urban_corr": -0.35832907123992064,
  "pm25_health_corr": 0.455153495683585,
  "delta_pm25_delta_health_corr": -0.10564695181254394
}