,avg_bc,avg_co,avg_no2,avg_o3,avg_pm10,avg_pm25,avg_so2
avg_bc,1.0,-0.10943927430117817,-0.03429977687036816,-0.4826475717516418,0.3488782652833407,0.015273951156356573,-0.2644663941742871
avg_co,-0.10943927430117817,1.0,0.008222163509861182,0.014659246837754878,0.04980669170147731,0.08082209697350545,0.09432430869238481
avg_no2,-0.03429977687036816,0.008222163509861182,1.0,0.8012660689286103,0.6246652631989095,0.8021853579150913,0.32953940781645735
avg_o3,-0.4826475717516418,0.014659246837754878,0.8012660689286103,1.0,0.1882735870208722,0.1984203494326294,0.48806371898102996
avg_pm10,0.3488782652833407,0.04980669170147731,0.6246652631989095,0.1882735870208722,1.0,0.39936541925812297,0.3436763622800031
avg_pm25,0.015273951156356573,0.08082209697350545,0.8021853579150913,0.1984203494326294,0.39936541925812297,1.0,0.15269407337938196
avg_so2,-0.2644663941742871,0.09432430869238481,0.32953940781645735,0.48806371898102996,0.3436763622800031,0.15269407337938196,1.0
